{
    "epoch": 100.0,
    "eval_acc": 0.24553571428571427,
    "eval_loss": 0.05363330617547035,
    "eval_runtime": 2.7822,
    "eval_samples_per_second": 161.023,
    "eval_steps_per_second": 5.032,
    "train_loss": 0.03313880617285607,
    "train_runtime": 8096.4637,
    "train_samples_per_second": 1229.574,
    "train_steps_per_second": 9.609
}