{
    "epoch": 100.0,
    "eval_acc": 0.24553571428571427,
    "eval_loss": 0.05363330617547035,
    "eval_runtime": 2.7822,
    "eval_samples_per_second": 161.023,
    "eval_steps_per_second": 5.032
}